StartDate,EndDate,Status,IPAddress,Progress,Duration (in seconds),Finished,RecordedDate,ResponseId,RecipientLastName,RecipientFirstName,RecipientEmail,ExternalReference,LocationLatitude,LocationLongitude,DistributionChannel,UserLanguage,Q1-1,Q1-2,Q1-3,Q1-4,Q1-5,Q263,Q264,Q265,Q266,Q267,Q1-6,Q1-7,Q1-8,Q1-9,Q1-10,Q2-1,Q2-2,Q2-3,Q2-4,Q2-5,Q269,Q270,Q271,Q272,Q273,Q2-6,Q2-7,Q2-8,Q2-9,Q2-10,Q3-1,Q3-2,Q3-3,Q3-4,Q3-5,Q275,Q276,Q277,Q278,Q279,Q3-6,Q3-7,Q3-8,Q3-9,Q3-10,Q4-1,Q4-2,Q4-3,Q4-4,Q4-5,Q281,Q282,Q283,Q284,Q285,Q4-6,Q4-7,Q4-8,Q4-9,Q4-10,Q5-1,Q5-2,Q5-3,Q5-4,Q5-5,Q287,Q288,Q289,Q290,Q291,Q5-6,Q5-7,Q5-8,Q5-9,Q5-10,Q6-1,Q6-2,Q6-3,Q6-4,Q6-5,Q293,Q294,Q295,Q296,Q297,Q6-6,Q6-7,Q6-8,Q6-9,Q6-10,Q7-1,Q7-2,Q7-3,Q7-4,Q7-5,Q7-6,Q7-7,Q7-8,Q7-9,Q7-10,Q299,Q300,Q301,Q302,Q303,Q304,Q305,Q306,Q307,Q308,Q8-1,Q8-2,Q8-3,Q8-4,Q8-5,Q8-6,Q8-7,Q8-8,Q8-9,Q8-10,Q9-1,Q9-2,Q9-3,Q9-4,Q9-5,Q9-6,Q9-7,Q9-8,Q9-9,Q9-10,Q310,Q311,Q312,Q313,Q314,Q315,Q316,Q317,Q318,Q319,Q10-1,Q10-2,Q10-3,Q10-4,Q10-5,Q10-6,Q10-7,Q10-8,Q10-9,Q10-10,Q11-1,Q11-2,Q11-3,Q11-4,Q11-5,Q11-6,Q11-7,Q11-8,Q11-9,Q11-10,Q321,Q322,Q323,Q324,Q325,Q326,Q327,Q328,Q329,Q330,Q12-1,Q12-2,Q12-3,Q12-4,Q12-5,Q12-6,Q12-7,Q12-8,Q12-9,Q12-10,Q13-1,Q13-2,Q13-3,Q13-4,Q13-5,Q13-6,Q13-7,Q13-8,Q13-9,Q13-10,Q332,Q333,Q334,Q335,Q336,Q337,Q338,Q339,Q340,Q341,Q14-1,Q14-2,Q14-3,Q14-4,Q14-5,Q14-6,Q14-7,Q14-8,Q14-9,Q14-10,Q200,Q201,Q202,Q203,Q204,Q205,Q206,Q207,Q208,Q209,Q343,Q344,Q345,Q346,Q347,Q348,Q349,Q350,Q351,Q352,Q232,Q233,Q234,Q235,Q236,Q237,Q238,Q239,Q240,Q241,Q211,Q212,Q213,Q214,Q215,Q216,Q217,Q218,Q219,Q220,Q354,Q355,Q356,Q357,Q358,Q359,Q360,Q361,Q362,Q363,Q242,Q243,Q244,Q245,Q246,Q247,Q248,Q249,Q250,Q251,Q222,Q223,Q224,Q225,Q226,Q227,Q228,Q229,Q230,Q231,Q365,Q366,Q367,Q368,Q369,Q370,Q371,Q372,Q373,Q374,Q252,Q253,Q254,Q255,Q256,Q257,Q258,Q259,Q260,Q261,ID,SC0,Random ID
Start Date,End Date,Response Type,IP Address,Progress,Duration (in seconds),Finished,Recorded Date,Response ID,Recipient Last Name,Recipient First Name,Recipient Email,External Data Reference,Location Latitude,Location Longitude,Distribution Channel,User Language,Are they African elephants?,Is it an African elephant?,Are they African elephants?,Is it an African elephant?,Is it an African elephant?,Are they African elephants?,Is it an African elephant?,Are they African elephants?,Is it an African elephant?,Is it an African elephant?,Is it an African elephant?,Is it an African elephant?,Is it an African elephant?,Is it an African elephant?,Is it an African elephant?,Is it an African elephant?,Is it an African elephant?,Is it an African elephant?,Is it an African elephant?,Is it an African elephant?,Is it an African elephant?,Is it an African elephant?,Is it an African elephant?,Is it an African elephant?,Is it an African elephant?,Is it an African elephant?,Is it an African elephant?,Are they African elephants?,Is it an African elephant?,Are they African elephants?,Is it a Boeing 737 plane?,Is it a Boeing 737 plane?,Is it a Boeing 737 plane?,Is it a Boeing 737 plane?,Is it a Boeing 737 plane?,Is it a Boeing 737 plane?,Is it a Boeing 737 plane?,Is it a Boeing 737 plane?,Is it a Boeing 737 plane?,Is it a Boeing 737 plane?,Is it a Boeing 737 plane?,Is it a Boeing 737 plane?,Is it a Boeing 737 plane?,Is it a Boeing 737 plane?,Is it a Boeing 737 plane?,Is it a Boeing 737 plane?,Is it a Boeing 737 plane?,Is it a Boeing 737 plane?,Is it a Boeing 737 plane?,Is it a Boeing 737 plane?,Is it a Boeing 737 plane?,Is it a Boeing 737 plane?,Is it a Boeing 737 plane?,Is it a Boeing 737 plane?,Is it a Boeing 737 plane?,Is it a Boeing 737 plane?,Is it a Boeing 737 plane?,Is it a Boeing 737 plane?,Is it a Boeing 737 plane?,Is it a Boeing 737 plane?,Is it a clownfish?,Is it a clownfish?,Is it a clownfish?,Is it a clownfish?,Is it a clownfish?,Is it a clownfish?,Is it a clownfish?,Is it a clownfish?,Is it a clownfish?,Is it a clownfish?,Is it a clownfish?,Is it a clownfish?,Is it a clownfish?,Is it a clownfish?,Is it a clownfish?,Is it a clownfish?,Is it a clownfish?,Is it a clownfish?,Is it a clownfish?,Is it a clownfish?,Is it a clownfish?,Is it a clownfish?,Is it a clownfish?,Is it a clownfish?,Is it a clownfish?,Is it a clownfish?,Is it a clownfish?,Is it a clownfish?,Is it a clownfish?,Is it a clownfish?,Is it a petunia?,Is it a petunia?,Is it a petunia?,Is it a petunia?,Is it a petunia?,Is it a petunia?,Is it a petunia?,Is it a petunia?,Is it a petunia?,Is it a petunia?,Is it a petunia?,Is it a petunia?,Is it a petunia?,Is it a petunia?,Is it a petunia?,Is it a petunia?,Is it a petunia?,Is it a petunia?,Is it a petunia?,Is it a petunia?,Are they petunias?,Are they petunias?,Are they petunias?,Are they petunias?,Are they petunias?,Are they petunias?,Are they petunias?,Are they petunias?,Are they petunias?,Are they petunias?,Is it a petunia?,Is it a petunia?,Is it a petunia?,Are they petunias?,Are they petunias?,Are they petunias?,Are they petunias?,Are they petunias?,Are they petunias?,Are they petunias?,Is it a petunia?,Is it a petunia?,Is it a petunia?,Are they petunias?,Are they petunias?,Are they petunias?,Are they petunias?,Are they petunias?,Are they petunias?,Are they petunias?,Is it a petunia?,Is it a petunia?,Is it a petunia?,Is it a petunia?,Are they petunias?,Are they petunias?,Are they petunias?,Are they petunias?,Are they petunias?,Are they petunias?,Is it a petunia?,Is it a petunia?,Is it a petunia?,Is it a petunia?,Is it a petunia?,Are they petunias?,Are they petunias?,Are they petunias?,Are they petunias?,Are they petunias?,Is it a petunia?,Is it a petunia?,Is it a petunia?,Is it a petunia?,Is it a petunia?,Are they petunias?,Are they petunias?,Are they petunias?,Are they petunias?,Are they petunias?,Is it a petunia?,Is it a petunia?,Are they petunias?,Are they petunias?,Are they petunias?,Is it a petunia?,Is it a petunia?,Is it a petunia?,Are they petunias?,Are they petunias?,Is it a petunia?,Is it a petunia?,Is it a petunia?,Are they petunias?,Are they petunias?,Are they petunias?,Are they petunias?,Is it a petunia?,Is it a petunia?,Is it a petunia?,Is it a petunia?,Is it a petunia?,Is it a petunia?,Are they petunias?,Are they petunias?,Are they petunias?,Are they petunias?,Is it a petunia?,Is it a petunia?,Is it a petunia?,Is it a petunia?,Is it a petunia?,Are they petunias?,Is it a petunia?,Is it a petunia?,Is it a petunia?,Are they petunias?,Is it a petunia?,Is it a petunia?,Are they petunias?,Is it a petunia?,Is it a petunia?,Are they petunias?,Are they petunias?,Are they petunias?,Are they petunias?,Are they petunias?,Are they petunias?,Are they petunias?,Are they petunias?,Is it a petunia?,Is it a petunia?,Are they petunias?,Are they petunias?,Are they petunias?,Are they petunias?,Are they petunias?,Are they petunias?,Are they petunias?,Are they petunias?,Is it a petunia?,Are they petunias?,Are they petunias?,Are they petunias?,Are they petunias?,Are they petunias?,Are they petunias?,Is it a petunia?,Is it a petunia?,Are they petunias?,Is it a petunia?,Is it a petunia?,Is it a petunia?,Are they petunias?,Are they petunias?,Are they petunias?,Are they petunias?,Is it a petunia?,Is it a petunia?,Is it a petunia?,Is it a petunia?,Is it a petunia?,Is it a petunia?,Are they petunias?,Are they petunias?,Are they petunias?,Are they petunias?,Is it a petunia?,Is it a petunia?,Is it a petunia?,Is it a petunia?,Is it a petunia?,Are they petunias?,Is it a petunia?,Are they petunias?,Is it a petunia?,Are they petunias?,Is it a petunia?,Is it a petunia?,Are they petunias?,Are they petunias?,Is it a petunia?,Is it a petunia?,Are they petunias?,Are they petunias?,Are they petunias?,Are they petunias?,Is it a petunia?,Is it a petunia?,Is it a petunia?,Are they petunias?,Is it a petunia?,Is it a petunia?,Are they petunias?,Are they petunias?,Are they petunias?,Are they petunias?,Is it a petunia?,Is it a petunia?,Is it a petunia?,Is it a petunia?,Is it a petunia?,Are they petunias?,Is it a petunia?,Is it a petunia?,Is it a petunia?,Are they petunias?,Is it a petunia?,Is it a petunia?,Are they petunias?,"Here is your ID: [Field-Random%20ID]

Please copy and send this ID to us.
After copying this ID and send it to us, you can click the next button to end this survey. Thank you!",Score,Random ID
"{""ImportId"":""startDate"",""timeZone"":""America/Denver""}","{""ImportId"":""endDate"",""timeZone"":""America/Denver""}","{""ImportId"":""status""}","{""ImportId"":""ipAddress""}","{""ImportId"":""progress""}","{""ImportId"":""duration""}","{""ImportId"":""finished""}","{""ImportId"":""recordedDate"",""timeZone"":""America/Denver""}","{""ImportId"":""_recordId""}","{""ImportId"":""recipientLastName""}","{""ImportId"":""recipientFirstName""}","{""ImportId"":""recipientEmail""}","{""ImportId"":""externalDataReference""}","{""ImportId"":""locationLatitude""}","{""ImportId"":""locationLongitude""}","{""ImportId"":""distributionChannel""}","{""ImportId"":""userLanguage""}","{""ImportId"":""QID1""}","{""ImportId"":""QID2""}","{""ImportId"":""QID3""}","{""ImportId"":""QID4""}","{""ImportId"":""QID5""}","{""ImportId"":""QID263""}","{""ImportId"":""QID264""}","{""ImportId"":""QID265""}","{""ImportId"":""QID266""}","{""ImportId"":""QID267""}","{""ImportId"":""QID6""}","{""ImportId"":""QID7""}","{""ImportId"":""QID8""}","{""ImportId"":""QID9""}","{""ImportId"":""QID10""}","{""ImportId"":""QID11""}","{""ImportId"":""QID12""}","{""ImportId"":""QID13""}","{""ImportId"":""QID14""}","{""ImportId"":""QID15""}","{""ImportId"":""QID269""}","{""ImportId"":""QID270""}","{""ImportId"":""QID271""}","{""ImportId"":""QID272""}","{""ImportId"":""QID273""}","{""ImportId"":""QID16""}","{""ImportId"":""QID17""}","{""ImportId"":""QID18""}","{""ImportId"":""QID19""}","{""ImportId"":""QID20""}","{""ImportId"":""QID21""}","{""ImportId"":""QID22""}","{""ImportId"":""QID23""}","{""ImportId"":""QID24""}","{""ImportId"":""QID25""}","{""ImportId"":""QID275""}","{""ImportId"":""QID276""}","{""ImportId"":""QID277""}","{""ImportId"":""QID278""}","{""ImportId"":""QID279""}","{""ImportId"":""QID26""}","{""ImportId"":""QID27""}","{""ImportId"":""QID28""}","{""ImportId"":""QID29""}","{""ImportId"":""QID30""}","{""ImportId"":""QID36""}","{""ImportId"":""QID37""}","{""ImportId"":""QID38""}","{""ImportId"":""QID39""}","{""ImportId"":""QID40""}","{""ImportId"":""QID281""}","{""ImportId"":""QID282""}","{""ImportId"":""QID283""}","{""ImportId"":""QID284""}","{""ImportId"":""QID285""}","{""ImportId"":""QID31""}","{""ImportId"":""QID32""}","{""ImportId"":""QID33""}","{""ImportId"":""QID34""}","{""ImportId"":""QID35""}","{""ImportId"":""QID50""}","{""ImportId"":""QID52""}","{""ImportId"":""QID53""}","{""ImportId"":""QID54""}","{""ImportId"":""QID57""}","{""ImportId"":""QID287""}","{""ImportId"":""QID288""}","{""ImportId"":""QID289""}","{""ImportId"":""QID290""}","{""ImportId"":""QID291""}","{""ImportId"":""QID56""}","{""ImportId"":""QID55""}","{""ImportId"":""QID58""}","{""ImportId"":""QID59""}","{""ImportId"":""QID60""}","{""ImportId"":""QID61""}","{""ImportId"":""QID62""}","{""ImportId"":""QID63""}","{""ImportId"":""QID64""}","{""ImportId"":""QID65""}","{""ImportId"":""QID293""}","{""ImportId"":""QID294""}","{""ImportId"":""QID295""}","{""ImportId"":""QID296""}","{""ImportId"":""QID297""}","{""ImportId"":""QID66""}","{""ImportId"":""QID67""}","{""ImportId"":""QID68""}","{""ImportId"":""QID69""}","{""ImportId"":""QID70""}","{""ImportId"":""QID71""}","{""ImportId"":""QID72""}","{""ImportId"":""QID73""}","{""ImportId"":""QID74""}","{""ImportId"":""QID75""}","{""ImportId"":""QID76""}","{""ImportId"":""QID77""}","{""ImportId"":""QID78""}","{""ImportId"":""QID79""}","{""ImportId"":""QID80""}","{""ImportId"":""QID299""}","{""ImportId"":""QID300""}","{""ImportId"":""QID301""}","{""ImportId"":""QID302""}","{""ImportId"":""QID303""}","{""ImportId"":""QID304""}","{""ImportId"":""QID305""}","{""ImportId"":""QID306""}","{""ImportId"":""QID307""}","{""ImportId"":""QID308""}","{""ImportId"":""QID81""}","{""ImportId"":""QID82""}","{""ImportId"":""QID83""}","{""ImportId"":""QID84""}","{""ImportId"":""QID85""}","{""ImportId"":""QID86""}","{""ImportId"":""QID87""}","{""ImportId"":""QID88""}","{""ImportId"":""QID89""}","{""ImportId"":""QID90""}","{""ImportId"":""QID91""}","{""ImportId"":""QID92""}","{""ImportId"":""QID93""}","{""ImportId"":""QID94""}","{""ImportId"":""QID95""}","{""ImportId"":""QID96""}","{""ImportId"":""QID97""}","{""ImportId"":""QID99""}","{""ImportId"":""QID100""}","{""ImportId"":""QID98""}","{""ImportId"":""QID310""}","{""ImportId"":""QID311""}","{""ImportId"":""QID312""}","{""ImportId"":""QID313""}","{""ImportId"":""QID314""}","{""ImportId"":""QID315""}","{""ImportId"":""QID316""}","{""ImportId"":""QID317""}","{""ImportId"":""QID318""}","{""ImportId"":""QID319""}","{""ImportId"":""QID101""}","{""ImportId"":""QID102""}","{""ImportId"":""QID103""}","{""ImportId"":""QID104""}","{""ImportId"":""QID105""}","{""ImportId"":""QID106""}","{""ImportId"":""QID107""}","{""ImportId"":""QID108""}","{""ImportId"":""QID109""}","{""ImportId"":""QID110""}","{""ImportId"":""QID111""}","{""ImportId"":""QID112""}","{""ImportId"":""QID113""}","{""ImportId"":""QID114""}","{""ImportId"":""QID115""}","{""ImportId"":""QID116""}","{""ImportId"":""QID117""}","{""ImportId"":""QID118""}","{""ImportId"":""QID119""}","{""ImportId"":""QID120""}","{""ImportId"":""QID321""}","{""ImportId"":""QID322""}","{""ImportId"":""QID323""}","{""ImportId"":""QID324""}","{""ImportId"":""QID325""}","{""ImportId"":""QID326""}","{""ImportId"":""QID327""}","{""ImportId"":""QID328""}","{""ImportId"":""QID329""}","{""ImportId"":""QID330""}","{""ImportId"":""QID121""}","{""ImportId"":""QID122""}","{""ImportId"":""QID123""}","{""ImportId"":""QID124""}","{""ImportId"":""QID125""}","{""ImportId"":""QID126""}","{""ImportId"":""QID127""}","{""ImportId"":""QID128""}","{""ImportId"":""QID129""}","{""ImportId"":""QID130""}","{""ImportId"":""QID131""}","{""ImportId"":""QID132""}","{""ImportId"":""QID133""}","{""ImportId"":""QID134""}","{""ImportId"":""QID135""}","{""ImportId"":""QID136""}","{""ImportId"":""QID137""}","{""ImportId"":""QID138""}","{""ImportId"":""QID139""}","{""ImportId"":""QID140""}","{""ImportId"":""QID332""}","{""ImportId"":""QID333""}","{""ImportId"":""QID334""}","{""ImportId"":""QID335""}","{""ImportId"":""QID336""}","{""ImportId"":""QID337""}","{""ImportId"":""QID338""}","{""ImportId"":""QID339""}","{""ImportId"":""QID340""}","{""ImportId"":""QID341""}","{""ImportId"":""QID141""}","{""ImportId"":""QID142""}","{""ImportId"":""QID143""}","{""ImportId"":""QID144""}","{""ImportId"":""QID145""}","{""ImportId"":""QID146""}","{""ImportId"":""QID147""}","{""ImportId"":""QID148""}","{""ImportId"":""QID149""}","{""ImportId"":""QID150""}","{""ImportId"":""QID200""}","{""ImportId"":""QID201""}","{""ImportId"":""QID202""}","{""ImportId"":""QID203""}","{""ImportId"":""QID204""}","{""ImportId"":""QID205""}","{""ImportId"":""QID206""}","{""ImportId"":""QID207""}","{""ImportId"":""QID208""}","{""ImportId"":""QID209""}","{""ImportId"":""QID343""}","{""ImportId"":""QID344""}","{""ImportId"":""QID345""}","{""ImportId"":""QID346""}","{""ImportId"":""QID347""}","{""ImportId"":""QID348""}","{""ImportId"":""QID349""}","{""ImportId"":""QID350""}","{""ImportId"":""QID351""}","{""ImportId"":""QID352""}","{""ImportId"":""QID232""}","{""ImportId"":""QID233""}","{""ImportId"":""QID234""}","{""ImportId"":""QID235""}","{""ImportId"":""QID236""}","{""ImportId"":""QID237""}","{""ImportId"":""QID238""}","{""ImportId"":""QID239""}","{""ImportId"":""QID240""}","{""ImportId"":""QID241""}","{""ImportId"":""QID211""}","{""ImportId"":""QID212""}","{""ImportId"":""QID213""}","{""ImportId"":""QID214""}","{""ImportId"":""QID215""}","{""ImportId"":""QID216""}","{""ImportId"":""QID217""}","{""ImportId"":""QID218""}","{""ImportId"":""QID219""}","{""ImportId"":""QID220""}","{""ImportId"":""QID354""}","{""ImportId"":""QID355""}","{""ImportId"":""QID356""}","{""ImportId"":""QID357""}","{""ImportId"":""QID358""}","{""ImportId"":""QID359""}","{""ImportId"":""QID360""}","{""ImportId"":""QID361""}","{""ImportId"":""QID362""}","{""ImportId"":""QID363""}","{""ImportId"":""QID242""}","{""ImportId"":""QID243""}","{""ImportId"":""QID244""}","{""ImportId"":""QID245""}","{""ImportId"":""QID246""}","{""ImportId"":""QID247""}","{""ImportId"":""QID248""}","{""ImportId"":""QID249""}","{""ImportId"":""QID250""}","{""ImportId"":""QID251""}","{""ImportId"":""QID222""}","{""ImportId"":""QID223""}","{""ImportId"":""QID224""}","{""ImportId"":""QID225""}","{""ImportId"":""QID226""}","{""ImportId"":""QID227""}","{""ImportId"":""QID228""}","{""ImportId"":""QID229""}","{""ImportId"":""QID230""}","{""ImportId"":""QID231""}","{""ImportId"":""QID365""}","{""ImportId"":""QID366""}","{""ImportId"":""QID367""}","{""ImportId"":""QID368""}","{""ImportId"":""QID369""}","{""ImportId"":""QID370""}","{""ImportId"":""QID371""}","{""ImportId"":""QID372""}","{""ImportId"":""QID373""}","{""ImportId"":""QID374""}","{""ImportId"":""QID252""}","{""ImportId"":""QID253""}","{""ImportId"":""QID254""}","{""ImportId"":""QID255""}","{""ImportId"":""QID256""}","{""ImportId"":""QID257""}","{""ImportId"":""QID258""}","{""ImportId"":""QID259""}","{""ImportId"":""QID260""}","{""ImportId"":""QID261""}","{""ImportId"":""QID174""}","{""ImportId"":""SC_0Tl1tjtIrsfrPW6""}","{""ImportId"":""Random ID""}"
*,*,IP Address,*,100,1121,TRUE,*,R_9KStMWcCUHXFhWF,,,,,*,*,anonymous,EN,Yes,Yes,No,Yes,Yes,Yes,Yes,No,Yes,No,No,Yes,No,Yes,Yes,No,No,No,Yes,No,Yes,Yes,No,Yes,No,Yes,No,Yes,Yes,Yes,Yes,No,Yes,Yes,Yes,Yes,Yes,No,Yes,Yes,No,Yes,Yes,No,Yes,Yes,Yes,Yes,No,Yes,Yes,No,No,Yes,Yes,Yes,Yes,Yes,Yes,Yes,Yes,Yes,No,Yes,No,,,,,,No,No,Yes,Yes,Yes,Yes,Yes,No,No,Yes,No,Yes,No,No,Yes,Yes,No,Yes,No,Yes,Yes,No,Yes,Yes,Yes,Yes,No,Yes,Yes,Yes,Yes,No,No,Yes,Yes,No,Yes,Yes,No,No,Yes,Yes,No,No,Yes,Yes,Yes,Yes,Yes,Yes,No,No,No,Yes,No,Yes,No,Yes,Yes,No,No,No,No,No,No,Yes,No,Yes,Yes,No,Yes,No,Yes,Yes,Yes,Yes,Yes,No,Yes,No,Yes,Yes,Yes,No,No,Yes,Yes,No,No,Yes,Yes,No,Yes,No,No,Yes,Yes,No,No,Yes,No,Yes,No,No,Yes,Yes,Yes,Yes,No,Yes,No,Yes,No,Yes,Yes,Yes,Yes,No,Yes,No,No,Yes,No,Yes,No,Yes,Yes,No,Yes,No,Yes,Yes,No,No,Yes,No,Yes,Yes,No,No,Yes,No,Yes,No,Yes,Yes,Yes,Yes,Yes,Yes,Yes,No,Yes,No,Yes,No,No,Yes,Yes,No,No,Yes,Yes,Yes,Yes,Yes,No,Yes,Yes,Yes,Yes,Yes,No,No,Yes,No,Yes,No,Yes,No,,,,,,,,,,,Yes,No,Yes,No,Yes,No,Yes,Yes,Yes,No,Yes,No,No,Yes,No,Yes,Yes,Yes,No,Yes,Yes,No,No,Yes,No,No,Yes,Yes,No,Yes,Yes,No,No,Yes,Yes,No,Yes,No,No,Yes,Got it!,160,69070
*,*,IP Address,*,100,149989,TRUE,*,R_3JFswW6NYLF96qF,,,,,*,*,anonymous,EN,Yes,Yes,Yes,Yes,No,Yes,Yes,No,No,Yes,Yes,No,Yes,Yes,Yes,Yes,Yes,Yes,Yes,No,No,Yes,No,Yes,Yes,Yes,Yes,Yes,Yes,Yes,Yes,Yes,No,No,Yes,Yes,No,No,Yes,No,Yes,Yes,No,No,No,Yes,Yes,Yes,Yes,No,No,No,No,Yes,Yes,No,No,Yes,Yes,Yes,Yes,Yes,No,Yes,No,,,,,,No,No,Yes,No,Yes,No,No,No,No,Yes,No,Yes,No,No,Yes,Yes,No,Yes,No,Yes,Yes,Yes,No,Yes,Yes,Yes,Yes,Yes,No,No,Yes,No,No,No,No,No,Yes,Yes,No,No,Yes,No,No,No,Yes,Yes,No,No,No,No,No,No,Yes,Yes,Yes,Yes,No,Yes,No,No,No,No,Yes,No,No,Yes,No,Yes,Yes,No,Yes,No,Yes,Yes,Yes,Yes,No,No,No,No,Yes,Yes,Yes,No,No,No,Yes,No,No,Yes,Yes,No,Yes,No,No,Yes,Yes,No,Yes,Yes,Yes,Yes,No,No,Yes,Yes,Yes,Yes,No,Yes,No,Yes,Yes,Yes,No,Yes,Yes,No,Yes,Yes,No,Yes,No,Yes,Yes,No,Yes,No,Yes,No,Yes,No,No,No,Yes,No,Yes,Yes,Yes,Yes,No,No,Yes,No,Yes,No,Yes,Yes,Yes,Yes,Yes,No,Yes,No,Yes,Yes,No,Yes,No,No,No,No,Yes,Yes,No,Yes,No,No,No,Yes,Yes,Yes,No,No,Yes,No,Yes,No,Yes,No,,,,,,,,,,,Yes,No,Yes,No,Yes,No,Yes,No,Yes,No,Yes,No,No,Yes,No,Yes,Yes,Yes,No,Yes,Yes,No,No,Yes,No,No,Yes,Yes,No,Yes,Yes,No,No,Yes,Yes,No,Yes,No,No,Yes,Got it!,149,70174
*,*,IP Address,*,100,699,TRUE,*,R_3HY2iLJx1PNO5uc,,,,,*,*,anonymous,EN,Yes,Yes,No,Yes,Yes,Yes,Yes,Yes,Yes,No,No,Yes,Yes,No,Yes,Yes,Yes,No,Yes,No,,,,,,No,No,Yes,No,Yes,Yes,No,No,Yes,Yes,,,,,,Yes,Yes,Yes,No,No,Yes,No,No,No,Yes,,,,,,Yes,Yes,No,Yes,Yes,Yes,Yes,No,Yes,No,,,,,,No,No,Yes,No,Yes,Yes,Yes,No,No,Yes,No,Yes,No,No,Yes,Yes,No,Yes,No,Yes,Yes,Yes,No,Yes,Yes,No,Yes,Yes,Yes,No,Yes,No,No,Yes,Yes,No,Yes,Yes,No,No,No,No,No,No,Yes,Yes,No,Yes,No,Yes,No,No,No,Yes,No,Yes,No,Yes,Yes,No,No,No,Yes,No,No,Yes,No,Yes,Yes,No,Yes,No,No,Yes,Yes,Yes,No,No,Yes,No,Yes,No,Yes,No,No,Yes,Yes,Yes,Yes,Yes,Yes,No,Yes,No,No,Yes,Yes,Yes,No,Yes,No,Yes,No,No,Yes,Yes,No,Yes,Yes,Yes,Yes,Yes,Yes,Yes,No,Yes,Yes,No,Yes,No,Yes,Yes,No,Yes,No,Yes,Yes,No,Yes,No,Yes,Yes,No,No,Yes,No,Yes,Yes,No,No,Yes,Yes,Yes,No,Yes,No,No,Yes,Yes,No,Yes,No,Yes,No,Yes,No,No,Yes,Yes,No,No,No,Yes,Yes,No,Yes,No,Yes,No,Yes,Yes,Yes,No,No,Yes,No,Yes,No,Yes,No,,,,,,,,,,,Yes,No,Yes,No,Yes,No,Yes,No,Yes,No,Yes,No,No,Yes,No,No,Yes,Yes,No,Yes,,,,,,,,,,,Yes,No,No,Yes,Yes,No,Yes,No,No,Yes,Got it!,144,93188
*,*,IP Address,*,100,856,TRUE,*,R_2zNNjsNW8VUXC8Q,,,,,*,*,anonymous,EN,Yes,Yes,No,No,No,,,,,,No,Yes,Yes,No,Yes,Yes,Yes,No,Yes,No,,,,,,No,No,Yes,No,Yes,Yes,Yes,No,No,No,Yes,No,Yes,Yes,No,No,Yes,No,No,Yes,Yes,No,No,No,Yes,,,,,,Yes,No,No,No,Yes,Yes,Yes,No,Yes,No,,,,,,No,No,Yes,No,Yes,No,Yes,No,No,Yes,,,,,,Yes,No,Yes,No,Yes,Yes,No,No,Yes,Yes,Yes,No,Yes,No,Yes,Yes,No,No,Yes,Yes,No,Yes,Yes,No,No,Yes,Yes,No,No,Yes,Yes,No,Yes,No,Yes,No,No,Yes,Yes,No,Yes,No,Yes,Yes,No,,,,,,,,,,,Yes,No,No,Yes,Yes,Yes,No,Yes,Yes,No,Yes,Yes,Yes,No,No,Yes,No,No,No,Yes,Yes,Yes,Yes,No,No,Yes,No,No,No,Yes,No,No,No,No,Yes,Yes,Yes,No,No,No,No,Yes,No,Yes,No,No,Yes,No,Yes,No,No,Yes,No,Yes,No,Yes,Yes,No,Yes,No,Yes,Yes,No,No,Yes,No,Yes,Yes,No,Yes,No,No,Yes,No,Yes,Yes,Yes,Yes,Yes,Yes,Yes,No,Yes,No,Yes,No,No,Yes,Yes,No,No,No,Yes,Yes,No,Yes,No,Yes,No,Yes,Yes,No,No,No,Yes,Yes,No,No,Yes,No,Yes,Yes,No,No,Yes,No,Yes,No,Yes,No,Yes,No,Yes,No,Yes,No,Yes,No,Yes,No,Yes,No,No,Yes,No,No,Yes,Yes,Yes,Yes,Yes,No,No,Yes,No,No,Yes,Yes,No,Yes,Yes,No,No,Yes,Yes,No,Yes,No,No,Yes,Got it!,144,43269
*,*,IP Address,*,100,996,TRUE,*,R_1lbflot7xxiinWn,,,,,*,*,anonymous,EN,No,No,Yes,Yes,Yes,Yes,Yes,No,No,No,No,Yes,Yes,No,Yes,Yes,Yes,No,Yes,No,,,,,,No,No,Yes,No,Yes,Yes,Yes,Yes,Yes,Yes,Yes,Yes,No,Yes,Yes,Yes,No,Yes,Yes,No,Yes,Yes,No,Yes,Yes,Yes,Yes,No,Yes,Yes,Yes,Yes,No,Yes,Yes,Yes,Yes,No,Yes,No,,,,,,No,No,Yes,Yes,Yes,Yes,No,No,No,Yes,No,Yes,No,No,Yes,Yes,No,Yes,No,Yes,Yes,Yes,No,Yes,No,Yes,No,No,No,Yes,Yes,Yes,No,Yes,No,No,Yes,Yes,No,No,Yes,Yes,No,No,Yes,Yes,No,Yes,Yes,Yes,No,Yes,No,No,No,Yes,No,Yes,Yes,No,No,Yes,Yes,Yes,No,Yes,No,Yes,Yes,No,Yes,No,Yes,No,Yes,No,No,No,Yes,No,Yes,No,No,No,No,Yes,Yes,No,No,Yes,Yes,Yes,Yes,No,No,Yes,Yes,No,No,Yes,No,No,No,No,Yes,Yes,Yes,No,No,No,No,Yes,No,Yes,No,Yes,Yes,No,Yes,No,,,,,,,,,,,Yes,Yes,No,No,No,No,Yes,No,No,No,Yes,No,Yes,No,Yes,No,No,No,Yes,No,Yes,No,Yes,No,Yes,Yes,No,Yes,Yes,No,No,No,Yes,Yes,No,Yes,No,Yes,No,Yes,Yes,Yes,No,No,Yes,Yes,No,No,Yes,No,Yes,Yes,No,Yes,Yes,No,Yes,No,Yes,No,Yes,No,Yes,No,Yes,No,Yes,No,Yes,No,Yes,No,No,Yes,No,Yes,Yes,Yes,No,Yes,Yes,No,No,Yes,No,No,Yes,Yes,No,Yes,No,No,No,No,Yes,No,Yes,No,No,Yes,Got it!,146,96867
*,*,IP Address,*,100,997,TRUE,*,R_DNO16gjlskK6qPf,,,,,*,*,anonymous,EN,Yes,Yes,No,No,Yes,,,,,,No,Yes,Yes,No,Yes,Yes,Yes,No,No,No,Yes,Yes,No,Yes,No,No,Yes,No,No,Yes,Yes,Yes,Yes,Yes,Yes,Yes,No,No,No,Yes,Yes,No,No,No,No,Yes,No,Yes,No,Yes,Yes,Yes,No,No,Yes,No,Yes,No,Yes,Yes,Yes,Yes,No,Yes,No,,,,,,No,No,Yes,No,No,Yes,No,No,No,Yes,Yes,Yes,Yes,No,Yes,Yes,No,Yes,No,Yes,Yes,No,No,No,Yes,Yes,Yes,Yes,Yes,Yes,Yes,No,No,Yes,Yes,No,Yes,Yes,No,No,No,Yes,No,Yes,Yes,Yes,No,Yes,No,Yes,No,Yes,No,No,No,Yes,No,Yes,Yes,No,No,No,Yes,Yes,No,Yes,No,Yes,Yes,No,Yes,No,Yes,Yes,No,Yes,No,No,Yes,Yes,Yes,No,No,No,No,Yes,No,No,No,Yes,Yes,No,Yes,No,No,No,Yes,No,No,Yes,No,Yes,No,No,Yes,No,Yes,No,No,Yes,No,Yes,No,Yes,No,Yes,Yes,No,Yes,No,,,,,,,,,,,Yes,Yes,No,No,Yes,No,No,Yes,No,No,Yes,No,Yes,No,Yes,Yes,No,Yes,No,No,No,No,Yes,No,Yes,No,No,No,No,No,No,No,Yes,Yes,No,No,No,Yes,No,Yes,Yes,Yes,No,No,Yes,No,No,No,Yes,Yes,Yes,Yes,No,Yes,Yes,No,Yes,No,Yes,Yes,Yes,No,Yes,No,Yes,No,Yes,Yes,Yes,No,Yes,No,No,Yes,No,Yes,Yes,Yes,No,Yes,Yes,No,No,Yes,No,Yes,Yes,Yes,No,Yes,Yes,No,No,Yes,Yes,No,Yes,No,No,Yes,Got it!,148,38369
*,*,IP Address,*,100,1011,TRUE,*,R_3JvX2obptPkV3lo,,,,,*,*,anonymous,EN,Yes,Yes,Yes,Yes,Yes,Yes,Yes,No,Yes,No,No,Yes,Yes,No,Yes,Yes,Yes,No,Yes,No,,,,,,No,No,Yes,No,Yes,No,No,Yes,Yes,Yes,Yes,No,Yes,No,Yes,Yes,Yes,No,Yes,Yes,Yes,No,Yes,No,Yes,Yes,Yes,Yes,Yes,Yes,Yes,No,Yes,Yes,Yes,Yes,Yes,No,Yes,Yes,Yes,Yes,No,Yes,No,No,No,Yes,No,Yes,No,Yes,No,No,Yes,,,,,,Yes,No,Yes,No,Yes,Yes,No,No,Yes,Yes,Yes,Yes,Yes,Yes,No,Yes,Yes,No,Yes,Yes,No,Yes,Yes,No,No,Yes,Yes,No,No,Yes,Yes,Yes,No,Yes,No,No,Yes,Yes,Yes,No,Yes,No,No,Yes,No,No,Yes,Yes,Yes,No,Yes,No,Yes,Yes,No,Yes,No,Yes,Yes,Yes,No,Yes,Yes,Yes,No,Yes,Yes,Yes,No,No,Yes,Yes,Yes,No,Yes,Yes,No,No,No,No,Yes,Yes,Yes,No,Yes,Yes,Yes,No,No,Yes,No,Yes,Yes,No,Yes,No,Yes,No,Yes,Yes,No,Yes,No,Yes,Yes,No,Yes,No,Yes,No,Yes,Yes,No,Yes,No,Yes,No,No,Yes,Yes,No,Yes,Yes,No,Yes,Yes,No,Yes,No,Yes,No,Yes,Yes,Yes,No,Yes,No,Yes,No,Yes,No,Yes,Yes,Yes,No,No,No,Yes,Yes,No,Yes,No,Yes,Yes,Yes,Yes,Yes,No,No,Yes,Yes,Yes,No,Yes,No,Yes,Yes,No,Yes,Yes,No,Yes,Yes,Yes,No,Yes,No,Yes,No,Yes,No,Yes,Yes,Yes,No,Yes,No,No,Yes,No,Yes,Yes,Yes,Yes,No,Yes,No,No,Yes,No,No,Yes,Yes,Yes,Yes,Yes,Yes,No,No,Yes,No,Yes,Yes,No,Yes,Got it!,155,80015
*,*,IP Address,*,100,1039,TRUE,*,R_ZpMUdKk1ubABTRn,,,,,*,*,anonymous,EN,Yes,No,No,No,No,Yes,Yes,No,No,No,No,Yes,No,No,Yes,No,Yes,No,Yes,No,Yes,Yes,No,Yes,No,No,No,No,No,Yes,Yes,Yes,No,Yes,No,Yes,No,No,Yes,Yes,No,Yes,Yes,No,Yes,Yes,No,Yes,No,Yes,Yes,No,No,No,Yes,Yes,Yes,No,No,No,Yes,Yes,No,Yes,No,,,,,,No,No,Yes,No,Yes,No,Yes,No,No,Yes,,,,,,Yes,No,Yes,No,Yes,Yes,No,No,Yes,Yes,No,No,Yes,No,Yes,Yes,Yes,No,Yes,Yes,No,Yes,Yes,Yes,Yes,No,Yes,No,Yes,Yes,Yes,No,Yes,Yes,Yes,Yes,No,No,No,Yes,Yes,No,Yes,Yes,No,No,No,Yes,Yes,No,Yes,No,Yes,Yes,No,Yes,No,Yes,Yes,Yes,Yes,Yes,Yes,Yes,No,Yes,Yes,Yes,No,No,Yes,Yes,Yes,No,Yes,Yes,Yes,Yes,No,No,Yes,Yes,No,No,Yes,No,Yes,No,No,Yes,Yes,Yes,Yes,No,Yes,No,Yes,No,Yes,Yes,Yes,Yes,No,Yes,No,No,Yes,No,Yes,No,Yes,Yes,No,Yes,Yes,Yes,No,No,Yes,Yes,No,Yes,Yes,Yes,Yes,Yes,No,Yes,No,Yes,Yes,Yes,Yes,No,Yes,Yes,No,Yes,No,Yes,No,Yes,Yes,No,No,No,Yes,Yes,Yes,No,Yes,Yes,Yes,Yes,No,Yes,No,No,Yes,Yes,No,Yes,No,Yes,No,Yes,No,No,Yes,Yes,No,Yes,No,Yes,No,Yes,No,Yes,No,Yes,No,Yes,Yes,Yes,No,Yes,Yes,No,Yes,No,Yes,Yes,Yes,No,Yes,Yes,No,No,Yes,No,No,Yes,Yes,No,No,Yes,Yes,No,Yes,Yes,No,Yes,No,Yes,Yes,Got it!,158,94797
*,*,IP Address,*,100,1108,TRUE,*,R_2xDlzSJ3z80bW0p,,,,,*,*,anonymous,EN,Yes,Yes,No,Yes,No,Yes,Yes,No,Yes,No,No,Yes,Yes,No,Yes,Yes,Yes,No,Yes,No,,,,,,No,No,Yes,No,Yes,Yes,Yes,Yes,No,No,Yes,No,Yes,Yes,Yes,Yes,No,Yes,Yes,Yes,Yes,No,Yes,No,Yes,Yes,No,Yes,No,Yes,Yes,Yes,No,No,Yes,Yes,Yes,No,Yes,No,,,,,,No,No,Yes,Yes,Yes,Yes,Yes,No,No,Yes,No,Yes,No,No,Yes,Yes,No,Yes,No,Yes,Yes,Yes,No,Yes,Yes,Yes,No,Yes,No,No,Yes,No,No,Yes,Yes,No,Yes,Yes,No,Yes,No,Yes,No,No,Yes,Yes,Yes,Yes,Yes,Yes,No,No,Yes,Yes,No,Yes,No,Yes,Yes,No,,,,,,,,,,,Yes,No,No,Yes,No,Yes,No,No,Yes,No,Yes,No,Yes,No,No,Yes,No,No,No,Yes,Yes,No,Yes,No,No,No,Yes,No,No,Yes,No,Yes,No,No,Yes,Yes,Yes,No,No,Yes,No,Yes,No,Yes,No,Yes,Yes,No,Yes,No,,,,,,,,,,,Yes,Yes,No,Yes,Yes,No,Yes,Yes,No,No,Yes,No,Yes,No,Yes,Yes,No,Yes,Yes,No,Yes,No,Yes,No,Yes,No,No,Yes,Yes,No,No,No,Yes,Yes,No,Yes,No,Yes,No,Yes,Yes,Yes,No,No,Yes,No,Yes,No,Yes,No,,,,,,,,,,,Yes,No,Yes,No,Yes,No,Yes,No,Yes,No,Yes,No,No,Yes,No,No,Yes,Yes,No,Yes,,,,,,,,,,,Yes,No,No,Yes,Yes,No,Yes,No,No,Yes,Got it!,133,30472
*,*,IP Address,*,100,1186,TRUE,*,R_3dMuFDxQfFVFm8I,,,,,*,*,anonymous,EN,Yes,Yes,Yes,Yes,Yes,Yes,Yes,No,No,No,No,Yes,Yes,No,Yes,Yes,Yes,Yes,Yes,No,Yes,Yes,No,Yes,No,No,No,Yes,No,Yes,Yes,Yes,Yes,Yes,No,Yes,No,No,Yes,Yes,Yes,No,Yes,No,No,No,No,Yes,Yes,Yes,Yes,No,Yes,Yes,Yes,No,Yes,No,Yes,Yes,Yes,Yes,No,Yes,Yes,Yes,Yes,No,Yes,No,No,No,Yes,Yes,Yes,Yes,Yes,No,No,Yes,No,Yes,No,No,Yes,Yes,No,Yes,No,Yes,Yes,No,No,No,Yes,Yes,Yes,Yes,Yes,Yes,No,No,No,Yes,Yes,No,Yes,Yes,No,No,Yes,No,No,No,Yes,Yes,Yes,Yes,No,Yes,No,No,Yes,No,No,No,No,Yes,Yes,No,No,No,No,No,No,Yes,No,Yes,Yes,No,Yes,No,Yes,Yes,Yes,Yes,Yes,Yes,Yes,Yes,Yes,No,Yes,No,No,Yes,Yes,Yes,No,Yes,Yes,No,Yes,No,No,Yes,Yes,No,No,Yes,Yes,No,No,No,Yes,Yes,No,No,No,Yes,No,No,Yes,Yes,Yes,Yes,Yes,No,Yes,Yes,No,Yes,No,Yes,Yes,Yes,Yes,No,Yes,No,Yes,Yes,No,Yes,Yes,No,No,No,No,No,No,Yes,Yes,No,No,No,No,Yes,Yes,Yes,Yes,No,Yes,No,Yes,No,Yes,No,No,No,No,No,Yes,Yes,No,Yes,No,No,No,No,Yes,Yes,No,No,Yes,Yes,Yes,No,Yes,No,Yes,Yes,No,No,Yes,No,Yes,No,No,No,Yes,No,No,No,Yes,No,Yes,No,No,No,No,No,No,Yes,No,Yes,No,Yes,No,Yes,Yes,No,No,Yes,No,Yes,Yes,Yes,Yes,Yes,Yes,No,No,No,Yes,No,Yes,No,No,Yes,Got it!,157,28654
*,*,IP Address,*,100,1185,TRUE,*,R_3jWPBgodZkTtRRf,,,,,*,*,anonymous,EN,Yes,Yes,No,No,No,,,,,,No,Yes,Yes,No,Yes,Yes,Yes,No,Yes,No,,,,,,No,No,Yes,No,Yes,No,Yes,Yes,Yes,Yes,Yes,Yes,No,No,Yes,Yes,No,Yes,No,Yes,Yes,Yes,Yes,Yes,No,Yes,No,No,No,Yes,Yes,Yes,No,No,Yes,No,Yes,Yes,Yes,No,Yes,Yes,No,Yes,Yes,No,No,Yes,Yes,Yes,Yes,Yes,Yes,No,Yes,No,Yes,No,No,Yes,Yes,No,Yes,No,Yes,Yes,No,Yes,No,No,Yes,No,Yes,Yes,Yes,Yes,Yes,No,Yes,Yes,No,No,Yes,No,No,Yes,Yes,No,No,Yes,Yes,Yes,Yes,Yes,Yes,No,Yes,No,No,No,Yes,No,Yes,Yes,No,No,No,Yes,Yes,No,Yes,No,Yes,Yes,No,Yes,No,Yes,No,Yes,No,No,Yes,No,No,No,Yes,Yes,No,No,Yes,Yes,No,No,Yes,Yes,Yes,Yes,No,No,Yes,Yes,No,No,Yes,No,No,No,No,Yes,No,Yes,No,No,Yes,No,Yes,No,Yes,Yes,No,Yes,No,Yes,No,No,Yes,No,Yes,No,Yes,Yes,No,Yes,No,Yes,Yes,No,Yes,No,No,Yes,Yes,Yes,No,Yes,No,Yes,No,Yes,Yes,No,Yes,Yes,Yes,Yes,No,Yes,No,Yes,No,No,Yes,Yes,No,No,No,Yes,Yes,No,Yes,No,Yes,No,Yes,No,Yes,No,No,No,Yes,Yes,No,Yes,No,No,Yes,No,No,No,No,Yes,Yes,Yes,No,Yes,No,Yes,No,Yes,No,Yes,No,Yes,Yes,No,No,No,Yes,No,Yes,No,Yes,Yes,Yes,No,No,No,Yes,No,Yes,No,Yes,No,Yes,Yes,No,No,Yes,Yes,No,Yes,No,No,Yes,Got it!,144,93550
*,*,IP Address,*,100,1235,TRUE,*,R_3KxwEgwpjU5gQsf,,,,,*,*,anonymous,EN,Yes,Yes,Yes,Yes,Yes,Yes,Yes,No,Yes,No,No,Yes,Yes,No,Yes,Yes,Yes,No,Yes,No,,,,,,No,No,No,No,Yes,Yes,Yes,Yes,Yes,Yes,Yes,No,No,Yes,Yes,Yes,No,Yes,No,Yes,Yes,No,Yes,No,No,Yes,No,Yes,No,Yes,Yes,No,No,Yes,Yes,Yes,Yes,Yes,Yes,Yes,Yes,Yes,No,Yes,No,No,No,Yes,No,Yes,Yes,Yes,No,No,Yes,Yes,Yes,No,No,Yes,Yes,No,Yes,No,Yes,Yes,Yes,Yes,Yes,Yes,Yes,Yes,Yes,Yes,Yes,Yes,No,No,Yes,Yes,No,Yes,Yes,No,No,No,Yes,No,No,Yes,Yes,No,Yes,Yes,Yes,No,No,No,Yes,No,Yes,No,Yes,Yes,No,No,No,Yes,Yes,No,Yes,No,Yes,Yes,No,Yes,No,Yes,No,Yes,Yes,No,No,Yes,No,Yes,Yes,Yes,No,No,No,Yes,Yes,No,Yes,Yes,Yes,Yes,No,No,Yes,Yes,Yes,No,Yes,No,Yes,No,No,Yes,Yes,Yes,Yes,No,Yes,No,Yes,No,Yes,No,Yes,Yes,No,Yes,No,,,,,,,,,,,Yes,Yes,No,Yes,Yes,No,Yes,Yes,No,Yes,Yes,No,Yes,No,Yes,Yes,Yes,Yes,Yes,Yes,Yes,No,Yes,No,Yes,No,No,Yes,Yes,Yes,No,No,Yes,Yes,No,Yes,No,Yes,No,No,Yes,Yes,No,No,Yes,No,Yes,No,Yes,No,,,,,,,,,,,Yes,No,Yes,No,Yes,No,Yes,No,Yes,No,Yes,No,No,Yes,No,Yes,No,Yes,No,No,Yes,No,No,Yes,No,No,No,Yes,No,No,Yes,No,No,Yes,Yes,No,Yes,No,No,Yes,Got it!,142,54336
*,*,IP Address,*,100,1130,TRUE,*,R_21iZwfjh7zD7mlN,,,,,*,*,anonymous,EN,Yes,Yes,Yes,No,No,Yes,Yes,Yes,No,No,Yes,Yes,Yes,Yes,Yes,Yes,Yes,No,No,No,Yes,Yes,No,Yes,No,No,No,Yes,No,Yes,No,Yes,Yes,Yes,Yes,Yes,No,No,Yes,Yes,Yes,No,No,No,No,Yes,No,Yes,Yes,No,Yes,Yes,Yes,Yes,Yes,Yes,No,Yes,Yes,Yes,Yes,Yes,No,Yes,No,,,,,,No,No,Yes,Yes,Yes,No,No,Yes,No,Yes,Yes,Yes,Yes,No,Yes,Yes,No,Yes,No,Yes,No,Yes,Yes,Yes,No,Yes,No,No,Yes,Yes,Yes,No,No,Yes,Yes,No,Yes,Yes,No,Yes,No,Yes,No,No,Yes,Yes,No,No,No,Yes,No,No,Yes,Yes,No,Yes,No,Yes,No,No,No,No,Yes,Yes,No,Yes,No,Yes,Yes,Yes,Yes,Yes,No,Yes,Yes,Yes,No,No,Yes,No,Yes,No,No,No,No,Yes,Yes,No,No,Yes,Yes,No,Yes,No,No,Yes,Yes,No,No,Yes,No,No,No,Yes,Yes,Yes,No,Yes,No,Yes,No,No,Yes,Yes,No,Yes,Yes,No,Yes,No,No,Yes,Yes,Yes,No,Yes,Yes,No,Yes,No,No,Yes,No,No,No,No,Yes,Yes,No,No,No,No,Yes,Yes,Yes,No,No,No,Yes,No,No,No,Yes,No,Yes,No,No,No,No,No,No,No,No,No,No,Yes,Yes,Yes,No,Yes,No,Yes,Yes,No,Yes,No,Yes,No,Yes,No,No,Yes,No,No,Yes,No,No,No,Yes,No,Yes,No,Yes,No,Yes,No,Yes,No,Yes,No,Yes,No,No,Yes,No,No,No,Yes,Yes,Yes,Yes,No,No,Yes,No,No,Yes,Yes,No,Yes,Yes,No,No,Yes,Yes,No,Yes,No,No,Yes,Got it!,151,62169
*,*,IP Address,*,100,2019,TRUE,*,R_3g6onNkLAV11Vjf,,,,,*,*,anonymous,EN,Yes,Yes,Yes,Yes,Yes,No,Yes,No,No,No,Yes,Yes,Yes,Yes,Yes,Yes,Yes,No,Yes,No,,,,,,Yes,No,Yes,No,Yes,Yes,Yes,Yes,Yes,Yes,Yes,No,Yes,Yes,Yes,Yes,No,Yes,Yes,No,Yes,No,Yes,No,Yes,Yes,No,Yes,Yes,Yes,No,Yes,No,Yes,Yes,Yes,Yes,No,Yes,Yes,Yes,Yes,No,Yes,No,No,No,Yes,No,Yes,No,Yes,No,No,Yes,,,,,,Yes,No,Yes,No,Yes,No,Yes,Yes,Yes,Yes,No,No,No,Yes,Yes,Yes,No,No,Yes,No,No,No,Yes,Yes,No,No,Yes,No,No,No,Yes,No,Yes,No,Yes,No,No,No,No,No,Yes,No,Yes,Yes,No,No,No,Yes,Yes,No,Yes,No,Yes,Yes,Yes,Yes,No,No,Yes,Yes,Yes,No,No,Yes,Yes,No,No,Yes,No,No,Yes,Yes,No,No,No,Yes,No,Yes,Yes,Yes,Yes,Yes,No,No,No,No,Yes,No,Yes,No,No,Yes,Yes,No,Yes,No,Yes,No,Yes,No,Yes,No,Yes,Yes,No,No,No,Yes,Yes,No,Yes,No,No,Yes,No,Yes,Yes,No,No,No,No,No,Yes,No,No,No,No,No,No,Yes,No,No,No,Yes,No,No,Yes,Yes,No,Yes,No,No,No,Yes,No,No,No,Yes,Yes,No,No,No,No,No,Yes,Yes,Yes,No,No,Yes,No,No,No,Yes,No,Yes,Yes,No,No,Yes,No,Yes,No,Yes,No,Yes,No,Yes,Yes,Yes,No,No,No,Yes,No,Yes,No,No,Yes,No,No,Yes,Yes,No,Yes,,,,,,,,,,,Yes,No,Yes,Yes,Yes,No,Yes,No,No,Yes,Got it!,139,12375
*,*,IP Address,*,100,1685,TRUE,*,R_QmFELoBbJE0cfZv,,,,,*,*,anonymous,EN,Yes,Yes,No,No,No,,,,,,No,Yes,Yes,No,Yes,Yes,Yes,No,Yes,No,,,,,,No,No,Yes,No,Yes,No,No,Yes,No,No,Yes,No,No,Yes,Yes,No,No,No,Yes,No,Yes,Yes,No,Yes,Yes,Yes,No,No,No,Yes,Yes,Yes,No,Yes,Yes,Yes,Yes,No,Yes,Yes,Yes,Yes,No,Yes,No,No,No,Yes,Yes,Yes,No,Yes,No,No,Yes,,,,,,Yes,No,Yes,No,Yes,Yes,Yes,Yes,Yes,Yes,Yes,Yes,Yes,Yes,Yes,Yes,No,No,Yes,Yes,No,Yes,Yes,No,No,Yes,Yes,No,No,Yes,Yes,No,Yes,No,Yes,No,No,Yes,Yes,No,No,No,Yes,Yes,No,No,No,Yes,Yes,No,Yes,No,Yes,Yes,No,Yes,No,Yes,Yes,Yes,Yes,No,No,Yes,No,Yes,No,Yes,No,No,No,Yes,Yes,No,Yes,Yes,No,Yes,No,No,Yes,Yes,No,No,Yes,No,Yes,No,No,Yes,Yes,Yes,Yes,No,Yes,No,Yes,No,Yes,No,Yes,Yes,No,Yes,No,,,,,,,,,,,Yes,Yes,No,No,Yes,No,Yes,Yes,No,No,Yes,No,Yes,No,Yes,Yes,No,Yes,Yes,Yes,Yes,No,Yes,No,Yes,No,Yes,Yes,Yes,Yes,No,No,Yes,Yes,No,Yes,No,Yes,No,Yes,Yes,Yes,No,No,Yes,Yes,Yes,No,Yes,No,Yes,Yes,No,No,Yes,No,Yes,No,Yes,No,Yes,No,Yes,No,Yes,No,Yes,Yes,Yes,No,Yes,No,No,Yes,No,No,Yes,Yes,No,Yes,,,,,,,,,,,Yes,No,No,Yes,Yes,No,Yes,No,No,Yes,Got it!,145,36789
*,*,IP Address,*,100,1068,TRUE,*,R_32R4Q6Un6Tlb1uO,,,,,*,*,anonymous,EN,Yes,Yes,No,No,Yes,,,,,,No,Yes,Yes,No,Yes,Yes,Yes,No,Yes,No,,,,,,No,No,Yes,No,Yes,No,Yes,Yes,Yes,Yes,Yes,No,No,Yes,Yes,Yes,Yes,Yes,No,Yes,Yes,No,No,Yes,Yes,Yes,No,No,No,Yes,Yes,Yes,No,No,Yes,Yes,Yes,No,Yes,No,,,,,,No,No,Yes,Yes,Yes,Yes,Yes,No,No,Yes,No,Yes,No,No,Yes,Yes,No,Yes,No,Yes,Yes,Yes,No,No,Yes,Yes,No,Yes,Yes,No,Yes,No,No,Yes,Yes,No,Yes,Yes,Yes,No,Yes,Yes,No,No,Yes,Yes,Yes,Yes,Yes,Yes,No,No,Yes,Yes,No,Yes,No,Yes,Yes,No,,,,,,,,,,,Yes,No,Yes,Yes,Yes,Yes,Yes,Yes,Yes,No,Yes,Yes,Yes,No,No,Yes,Yes,Yes,No,Yes,Yes,No,Yes,No,No,Yes,Yes,No,No,Yes,No,Yes,No,No,Yes,Yes,Yes,Yes,No,Yes,No,Yes,No,Yes,Yes,Yes,Yes,No,Yes,No,No,Yes,No,Yes,No,Yes,Yes,No,Yes,No,Yes,Yes,No,No,Yes,No,Yes,Yes,No,No,Yes,No,Yes,No,Yes,Yes,Yes,Yes,Yes,Yes,Yes,No,Yes,No,Yes,No,No,No,Yes,No,No,No,Yes,Yes,No,Yes,No,Yes,No,Yes,Yes,Yes,No,No,Yes,No,Yes,No,Yes,No,,,,,,,,,,,Yes,No,Yes,No,Yes,No,Yes,No,Yes,No,Yes,No,No,Yes,No,No,Yes,Yes,No,Yes,,,,,,,,,,,Yes,No,No,Yes,Yes,No,Yes,No,No,Yes,Got it!,136,61775
*,*,IP Address,*,100,1386,TRUE,*,R_2t9JIlf0Nvdsogj,,,,,*,*,anonymous,EN,No,No,Yes,Yes,Yes,Yes,Yes,No,No,No,Yes,No,Yes,No,No,No,No,No,No,Yes,Yes,Yes,No,Yes,Yes,No,No,Yes,No,Yes,No,Yes,Yes,Yes,Yes,Yes,No,No,Yes,Yes,Yes,Yes,Yes,Yes,No,Yes,No,No,Yes,Yes,Yes,No,Yes,No,Yes,Yes,Yes,Yes,No,Yes,Yes,Yes,No,Yes,No,,,,,,No,No,Yes,Yes,Yes,Yes,Yes,No,No,Yes,No,Yes,No,No,Yes,Yes,No,Yes,No,Yes,No,Yes,No,Yes,Yes,No,No,No,Yes,Yes,Yes,No,Yes,Yes,Yes,Yes,Yes,Yes,No,No,No,Yes,No,No,Yes,Yes,Yes,Yes,No,Yes,No,No,Yes,Yes,No,Yes,No,Yes,Yes,No,,,,,,,,,,,Yes,No,Yes,Yes,Yes,Yes,Yes,Yes,Yes,No,Yes,No,Yes,No,No,Yes,Yes,Yes,No,Yes,No,No,Yes,No,No,Yes,Yes,No,No,No,No,Yes,No,No,Yes,Yes,No,Yes,No,Yes,No,Yes,No,Yes,Yes,Yes,Yes,No,Yes,No,No,Yes,No,Yes,No,Yes,Yes,No,Yes,No,Yes,No,No,No,No,No,Yes,Yes,No,No,No,No,Yes,No,Yes,Yes,Yes,Yes,Yes,Yes,No,No,Yes,No,Yes,No,No,No,No,No,No,Yes,Yes,Yes,No,Yes,No,Yes,Yes,Yes,Yes,Yes,No,Yes,Yes,Yes,Yes,Yes,Yes,No,Yes,Yes,No,No,Yes,No,Yes,Yes,Yes,No,Yes,No,Yes,No,Yes,No,No,No,Yes,No,Yes,No,No,Yes,No,No,Yes,Yes,No,Yes,,,,,,,,,,,Yes,No,No,Yes,Yes,No,Yes,No,No,Yes,Got it!,136,55603
*,*,IP Address,*,100,1882,TRUE,*,R_3HpDIZLvppAdrGM,,,,,*,*,anonymous,EN,Yes,No,Yes,Yes,No,No,Yes,No,Yes,No,Yes,Yes,No,Yes,Yes,No,No,Yes,No,Yes,Yes,Yes,No,Yes,No,No,No,Yes,No,Yes,No,No,Yes,Yes,Yes,Yes,No,No,Yes,Yes,Yes,Yes,Yes,No,No,Yes,No,No,No,No,Yes,No,No,No,Yes,Yes,Yes,No,No,Yes,Yes,Yes,No,Yes,Yes,Yes,Yes,No,Yes,No,No,No,Yes,No,Yes,No,No,No,No,No,No,No,No,No,No,Yes,No,Yes,No,Yes,Yes,Yes,Yes,Yes,Yes,Yes,Yes,Yes,Yes,Yes,No,No,No,Yes,No,No,No,No,No,No,Yes,No,No,No,No,No,No,No,No,No,No,No,Yes,Yes,No,Yes,No,No,No,No,No,No,Yes,Yes,No,Yes,No,Yes,No,No,Yes,No,Yes,Yes,Yes,Yes,Yes,Yes,No,No,Yes,Yes,Yes,No,No,No,No,Yes,No,Yes,Yes,Yes,Yes,No,No,Yes,Yes,Yes,No,No,No,Yes,No,Yes,Yes,No,No,No,No,Yes,No,Yes,No,Yes,Yes,Yes,Yes,Yes,Yes,Yes,No,Yes,No,No,No,No,No,No,No,No,Yes,No,No,Yes,Yes,No,Yes,Yes,Yes,No,No,No,No,No,Yes,Yes,No,No,No,No,No,No,Yes,No,No,Yes,Yes,Yes,Yes,No,No,No,Yes,Yes,No,Yes,No,No,Yes,Yes,Yes,No,No,No,No,Yes,Yes,No,Yes,Yes,Yes,No,No,No,Yes,Yes,Yes,Yes,Yes,No,No,No,No,Yes,Yes,No,No,Yes,Yes,Yes,Yes,No,No,No,No,No,No,Yes,No,Yes,Yes,No,No,No,No,Yes,Yes,Yes,No,Yes,Yes,No,No,No,No,No,No,No,No,No,Got it!,136,48899
*,*,IP Address,*,100,22983,TRUE,*,R_3L6fZiCexJm0aUR,,,,,*,*,anonymous,EN,Yes,No,No,Yes,Yes,Yes,Yes,No,Yes,No,Yes,Yes,No,No,Yes,Yes,Yes,No,Yes,No,,,,,,No,No,Yes,No,Yes,No,Yes,Yes,No,No,Yes,No,No,Yes,Yes,Yes,No,Yes,Yes,No,Yes,No,No,No,Yes,,,,,,No,Yes,No,Yes,Yes,Yes,Yes,No,Yes,No,,,,,,No,No,Yes,No,Yes,No,Yes,No,No,Yes,,,,,,Yes,No,Yes,No,Yes,Yes,No,No,No,Yes,Yes,No,Yes,No,No,Yes,No,No,Yes,Yes,No,Yes,Yes,No,No,No,Yes,No,No,Yes,Yes,No,Yes,Yes,Yes,No,No,No,No,No,Yes,No,Yes,Yes,No,No,No,Yes,Yes,No,Yes,No,Yes,Yes,No,Yes,No,No,Yes,Yes,Yes,No,No,Yes,No,Yes,No,Yes,No,No,Yes,Yes,No,No,Yes,,,,,,,,,,,No,Yes,No,No,Yes,Yes,No,Yes,No,Yes,No,Yes,No,Yes,No,Yes,Yes,No,Yes,No,,,,,,,,,,,Yes,Yes,No,No,Yes,No,Yes,Yes,No,No,Yes,No,Yes,No,Yes,No,No,Yes,Yes,No,,,,,,,,,,,No,No,Yes,Yes,No,Yes,No,Yes,No,Yes,Yes,Yes,No,No,Yes,No,Yes,No,Yes,No,,,,,,,,,,,Yes,No,Yes,No,Yes,No,Yes,No,Yes,No,Yes,No,No,Yes,No,No,Yes,Yes,No,Yes,,,,,,,,,,,Yes,No,No,Yes,Yes,No,Yes,No,No,Yes,Got it!,116,28145
*,*,IP Address,*,100,1769,TRUE,*,R_2QA7T83sLBb1Zaw,,,,,*,*,anonymous,EN,Yes,Yes,Yes,Yes,Yes,Yes,Yes,No,No,No,No,Yes,Yes,No,Yes,Yes,Yes,No,Yes,No,,,,,,No,No,Yes,No,Yes,Yes,Yes,Yes,Yes,Yes,Yes,No,No,Yes,Yes,Yes,No,Yes,Yes,No,Yes,No,No,Yes,Yes,No,No,No,No,Yes,No,No,No,Yes,Yes,Yes,Yes,No,Yes,Yes,Yes,Yes,No,Yes,No,No,No,Yes,Yes,Yes,No,Yes,No,No,Yes,,,,,,Yes,No,Yes,No,Yes,Yes,Yes,No,No,No,Yes,Yes,Yes,No,No,Yes,No,No,Yes,Yes,No,Yes,Yes,No,No,No,No,No,No,Yes,No,No,Yes,Yes,Yes,No,No,No,No,No,Yes,No,No,No,No,No,No,Yes,Yes,No,Yes,No,Yes,Yes,No,Yes,No,No,Yes,No,Yes,No,Yes,No,No,No,Yes,Yes,No,No,No,Yes,No,No,Yes,Yes,No,Yes,No,No,Yes,Yes,Yes,No,Yes,No,Yes,No,No,Yes,No,Yes,Yes,No,No,No,No,No,Yes,No,Yes,Yes,No,Yes,No,No,Yes,No,Yes,No,Yes,Yes,No,Yes,No,Yes,Yes,No,Yes,Yes,No,Yes,Yes,No,No,Yes,No,Yes,No,Yes,Yes,Yes,Yes,Yes,No,Yes,No,Yes,No,Yes,Yes,No,Yes,Yes,Yes,No,No,Yes,Yes,No,Yes,No,Yes,No,Yes,Yes,Yes,No,No,No,No,Yes,No,Yes,No,Yes,Yes,No,No,Yes,No,Yes,No,Yes,No,Yes,No,Yes,No,Yes,No,Yes,No,Yes,No,Yes,No,No,Yes,No,Yes,Yes,Yes,Yes,Yes,Yes,No,No,Yes,No,No,Yes,Yes,No,Yes,Yes,No,No,Yes,Yes,No,Yes,No,No,Yes,Got it!,162,38462
*,*,IP Address,*,100,2938,TRUE,*,R_1pmQmwXYCtzZ0G4,,,,,*,*,anonymous,EN,Yes,Yes,No,No,No,,,,,,Yes,Yes,Yes,No,Yes,Yes,Yes,No,Yes,No,,,,,,No,No,Yes,No,Yes,Yes,No,No,No,No,Yes,No,No,No,Yes,Yes,No,No,Yes,No,No,Yes,Yes,Yes,No,Yes,Yes,Yes,Yes,Yes,No,No,Yes,No,Yes,Yes,Yes,No,Yes,No,,,,,,No,No,Yes,No,Yes,No,Yes,No,No,Yes,,,,,,Yes,No,Yes,No,Yes,No,No,No,No,No,Yes,No,No,No,No,Yes,No,No,Yes,Yes,No,Yes,Yes,No,No,Yes,Yes,No,No,No,No,No,No,No,No,No,No,No,Yes,No,Yes,No,Yes,Yes,Yes,No,No,No,Yes,No,Yes,No,Yes,Yes,Yes,Yes,No,Yes,No,No,No,No,No,No,No,Yes,No,Yes,No,No,No,Yes,Yes,Yes,Yes,Yes,No,Yes,No,No,No,No,Yes,Yes,Yes,No,No,No,No,No,Yes,Yes,No,No,No,No,No,No,No,Yes,No,No,No,No,No,No,Yes,No,Yes,No,No,No,No,No,No,Yes,Yes,No,No,No,No,Yes,No,No,No,No,No,No,No,No,No,No,Yes,Yes,Yes,Yes,Yes,Yes,No,No,No,No,Yes,Yes,No,No,No,Yes,Yes,No,Yes,No,No,No,No,Yes,No,No,Yes,No,No,Yes,No,Yes,No,Yes,No,No,Yes,Yes,Yes,Yes,No,Yes,No,No,No,Yes,Yes,Yes,No,No,No,No,Yes,No,No,No,Yes,No,Yes,Yes,Yes,No,No,Yes,No,No,Yes,No,No,Yes,Yes,No,Yes,Yes,No,No,No,Yes,No,Yes,No,No,Yes,Got it!,128,26569
*,*,IP Address,*,100,877,TRUE,*,R_1Fu1GmfHMGFEY75,,,,,*,*,anonymous,EN,Yes,Yes,Yes,Yes,Yes,Yes,Yes,No,No,No,No,Yes,No,No,Yes,No,Yes,No,Yes,Yes,Yes,Yes,No,Yes,No,No,No,Yes,No,Yes,No,Yes,Yes,No,No,Yes,No,No,No,Yes,No,Yes,Yes,Yes,Yes,Yes,No,Yes,No,Yes,Yes,No,No,No,Yes,No,No,No,No,Yes,Yes,Yes,No,Yes,Yes,Yes,Yes,No,Yes,No,No,No,Yes,Yes,Yes,No,Yes,No,No,Yes,,,,,,Yes,No,Yes,No,Yes,Yes,Yes,Yes,Yes,Yes,Yes,Yes,Yes,No,No,Yes,No,Yes,Yes,No,No,Yes,Yes,No,No,No,Yes,No,No,Yes,No,No,Yes,Yes,Yes,No,No,Yes,Yes,No,Yes,No,Yes,Yes,No,,,,,,,,,,,Yes,No,Yes,No,No,Yes,No,No,Yes,No,Yes,No,Yes,No,No,Yes,Yes,No,No,Yes,,,,,,,,,,,No,Yes,No,No,Yes,Yes,Yes,No,No,Yes,No,No,No,Yes,No,Yes,Yes,No,Yes,No,No,Yes,No,Yes,No,Yes,Yes,No,Yes,No,Yes,Yes,No,No,Yes,No,Yes,No,No,No,No,No,Yes,No,Yes,No,No,Yes,Yes,No,No,No,Yes,No,Yes,Yes,Yes,Yes,Yes,Yes,No,No,Yes,Yes,No,Yes,No,No,No,No,Yes,Yes,No,No,Yes,No,Yes,No,Yes,No,,,,,,,,,,,Yes,No,Yes,No,Yes,No,Yes,No,Yes,No,Yes,No,No,Yes,No,No,Yes,Yes,No,Yes,,,,,,,,,,,Yes,No,No,No,Yes,No,Yes,No,No,Yes,Got it!,131,83834
*,*,IP Address,*,100,1632,TRUE,*,R_1FQHyk6h7IW7p4D,,,,,*,*,anonymous,EN,No,Yes,No,No,Yes,Yes,Yes,No,No,No,No,Yes,Yes,No,Yes,Yes,Yes,No,Yes,No,,,,,,No,No,Yes,No,Yes,Yes,No,No,Yes,Yes,,,,,,Yes,No,Yes,Yes,No,Yes,No,Yes,No,Yes,Yes,No,No,No,Yes,No,Yes,No,Yes,Yes,Yes,Yes,No,Yes,Yes,Yes,Yes,No,Yes,No,No,No,Yes,Yes,Yes,No,Yes,No,No,Yes,,,,,,Yes,No,Yes,No,Yes,Yes,Yes,No,Yes,No,Yes,Yes,Yes,No,No,Yes,No,No,Yes,Yes,No,Yes,Yes,No,No,No,Yes,No,No,Yes,Yes,Yes,Yes,No,Yes,No,Yes,No,Yes,No,Yes,No,Yes,Yes,No,No,No,Yes,Yes,No,Yes,No,Yes,Yes,No,Yes,No,Yes,Yes,Yes,Yes,Yes,Yes,Yes,No,Yes,No,Yes,No,No,Yes,Yes,No,No,Yes,,,,,,,,,,,No,Yes,No,No,Yes,Yes,No,No,No,Yes,No,No,No,Yes,No,Yes,No,No,Yes,No,No,Yes,No,Yes,No,Yes,Yes,No,Yes,No,Yes,Yes,No,No,Yes,No,Yes,Yes,No,No,No,No,Yes,No,Yes,No,No,No,Yes,No,Yes,No,Yes,No,Yes,No,No,Yes,Yes,No,No,No,Yes,Yes,No,Yes,No,Yes,No,Yes,Yes,Yes,No,No,Yes,No,Yes,No,Yes,No,,,,,,,,,,,Yes,No,Yes,No,Yes,No,Yes,No,Yes,No,Yes,No,No,Yes,No,Yes,Yes,Yes,No,Yes,Yes,No,No,Yes,No,No,Yes,Yes,No,Yes,Yes,No,No,Yes,Yes,No,Yes,No,No,Yes,Got it!,151,65787
*,*,IP Address,*,100,886,TRUE,*,R_3oXSi3nkWj6k7MU,,,,,*,*,anonymous,EN,Yes,Yes,Yes,No,No,Yes,Yes,No,No,No,Yes,Yes,No,Yes,Yes,No,Yes,No,Yes,Yes,No,Yes,No,Yes,No,No,No,Yes,Yes,Yes,No,No,No,Yes,Yes,No,No,No,Yes,Yes,Yes,No,Yes,Yes,No,No,No,No,Yes,No,No,Yes,No,Yes,Yes,No,Yes,Yes,Yes,No,Yes,Yes,No,Yes,No,,,,,,No,No,Yes,No,Yes,No,Yes,No,No,Yes,,,,,,Yes,No,Yes,No,Yes,Yes,No,No,Yes,Yes,Yes,No,Yes,Yes,Yes,Yes,No,Yes,Yes,Yes,No,Yes,Yes,No,No,Yes,Yes,No,No,Yes,Yes,No,Yes,No,Yes,No,No,Yes,Yes,No,Yes,No,Yes,Yes,Yes,No,No,Yes,Yes,No,Yes,Yes,Yes,Yes,No,Yes,No,Yes,No,Yes,Yes,Yes,Yes,No,No,Yes,Yes,Yes,No,No,Yes,Yes,Yes,No,Yes,Yes,No,Yes,No,No,Yes,Yes,No,No,Yes,No,Yes,No,Yes,Yes,Yes,Yes,Yes,No,Yes,No,Yes,No,Yes,No,Yes,Yes,No,Yes,No,,,,,,,,,,,Yes,Yes,No,No,Yes,No,Yes,Yes,No,No,Yes,No,Yes,No,Yes,No,No,Yes,Yes,No,,,,,,,,,,,Yes,No,Yes,Yes,No,Yes,No,Yes,No,Yes,Yes,Yes,No,No,Yes,No,Yes,No,Yes,No,,,,,,,,,,,Yes,No,Yes,No,Yes,No,Yes,No,Yes,No,Yes,No,No,Yes,No,No,Yes,Yes,No,Yes,,,,,,,,,,,Yes,No,No,Yes,Yes,No,Yes,No,No,Yes,Got it!,129,29756
*,*,IP Address,*,100,1046,TRUE,*,R_5vAWXy3qZ9HNIiJ,,,,,*,*,anonymous,EN,Yes,No,No,No,Yes,Yes,Yes,No,No,No,No,No,Yes,No,Yes,Yes,No,No,Yes,No,Yes,Yes,No,No,No,No,No,Yes,No,Yes,No,Yes,Yes,No,No,Yes,No,No,Yes,Yes,Yes,No,Yes,Yes,No,Yes,No,No,Yes,Yes,Yes,No,No,No,Yes,No,Yes,No,Yes,Yes,Yes,Yes,No,Yes,No,,,,,,No,No,Yes,No,Yes,No,Yes,No,No,Yes,,,,,,Yes,No,Yes,No,Yes,No,Yes,No,Yes,No,Yes,No,No,No,No,Yes,No,No,Yes,Yes,No,Yes,Yes,No,No,Yes,Yes,No,No,Yes,Yes,No,Yes,No,Yes,No,No,No,No,No,Yes,No,Yes,Yes,No,No,No,Yes,Yes,No,Yes,No,Yes,Yes,No,Yes,No,Yes,Yes,Yes,Yes,No,No,Yes,No,Yes,No,Yes,No,No,Yes,Yes,Yes,No,Yes,Yes,No,Yes,No,No,Yes,Yes,No,No,Yes,No,Yes,No,No,Yes,Yes,No,Yes,No,Yes,No,Yes,No,Yes,No,Yes,Yes,No,Yes,No,,,,,,,,,,,Yes,Yes,No,No,Yes,No,Yes,Yes,No,No,Yes,No,Yes,No,Yes,No,No,Yes,Yes,No,,,,,,,,,,,Yes,No,Yes,Yes,No,Yes,No,Yes,No,Yes,Yes,Yes,No,No,Yes,No,Yes,No,Yes,No,,,,,,,,,,,Yes,No,Yes,No,Yes,No,Yes,No,Yes,No,Yes,No,No,Yes,No,No,Yes,Yes,No,Yes,,,,,,,,,,,Yes,No,No,Yes,Yes,No,Yes,No,No,Yes,Got it!,131,35602
*,*,IP Address,*,100,129743,TRUE,*,R_24tMvEgQsltIQ2r,,,,,*,*,anonymous,EN,No,No,Yes,No,No,Yes,Yes,No,Yes,Yes,Yes,No,Yes,No,Yes,Yes,Yes,No,Yes,Yes,No,Yes,No,Yes,Yes,No,Yes,No,No,Yes,Yes,Yes,Yes,Yes,Yes,Yes,No,Yes,Yes,Yes,Yes,Yes,No,No,Yes,Yes,No,Yes,No,Yes,Yes,No,No,No,Yes,No,Yes,No,No,Yes,Yes,Yes,No,Yes,Yes,Yes,Yes,No,Yes,No,No,No,Yes,No,Yes,No,Yes,No,No,Yes,,,,,,Yes,No,Yes,No,Yes,Yes,Yes,Yes,Yes,Yes,No,Yes,Yes,Yes,Yes,Yes,No,No,Yes,Yes,No,Yes,Yes,No,No,Yes,Yes,No,No,Yes,No,No,Yes,No,Yes,No,No,Yes,Yes,No,Yes,No,No,Yes,No,No,No,Yes,Yes,No,Yes,No,Yes,Yes,No,Yes,No,Yes,Yes,No,Yes,No,Yes,No,No,No,No,Yes,No,No,No,Yes,No,No,Yes,No,No,Yes,No,No,No,Yes,No,No,Yes,No,Yes,No,No,No,No,Yes,Yes,No,No,No,No,No,Yes,No,Yes,Yes,No,No,No,No,Yes,No,Yes,Yes,Yes,Yes,No,No,No,Yes,Yes,No,No,Yes,No,Yes,Yes,Yes,No,Yes,No,Yes,No,Yes,Yes,Yes,No,Yes,No,Yes,No,Yes,No,Yes,Yes,No,No,Yes,No,No,Yes,No,Yes,No,Yes,No,Yes,No,Yes,Yes,Yes,No,No,Yes,Yes,Yes,No,No,No,Yes,Yes,No,No,Yes,No,Yes,No,Yes,No,No,No,Yes,No,Yes,No,Yes,Yes,No,No,Yes,No,No,Yes,No,No,Yes,Yes,No,Yes,,,,,,,,,,,Yes,No,No,Yes,Yes,No,Yes,No,No,No,Got it!,152,87843
*,*,IP Address,*,100,1650,TRUE,*,R_3PjLto0zKVYF4UL,,,,,*,*,anonymous,EN,Yes,No,No,Yes,Yes,Yes,Yes,Yes,Yes,Yes,Yes,No,No,No,No,No,No,No,No,No,Yes,Yes,No,Yes,No,No,Yes,Yes,No,Yes,No,No,Yes,Yes,Yes,Yes,No,No,Yes,Yes,No,No,Yes,Yes,No,Yes,Yes,Yes,Yes,No,Yes,No,No,No,Yes,Yes,Yes,No,Yes,Yes,Yes,Yes,No,Yes,No,,,,,,No,No,Yes,No,Yes,No,No,No,No,Yes,No,Yes,No,No,Yes,Yes,No,Yes,No,Yes,Yes,Yes,No,Yes,Yes,Yes,No,Yes,Yes,Yes,Yes,No,No,Yes,Yes,No,Yes,Yes,No,No,No,Yes,No,No,Yes,Yes,No,Yes,Yes,Yes,No,No,Yes,Yes,No,Yes,No,Yes,Yes,No,,,,,,,,,,,Yes,No,No,Yes,Yes,No,No,No,Yes,No,Yes,Yes,Yes,No,No,Yes,Yes,No,No,Yes,Yes,No,Yes,No,No,Yes,Yes,No,No,Yes,No,No,No,No,Yes,Yes,No,Yes,No,Yes,No,Yes,No,Yes,No,Yes,Yes,No,Yes,No,,,,,,,,,,,Yes,Yes,No,No,No,No,Yes,Yes,No,No,Yes,No,Yes,No,Yes,No,No,No,Yes,No,Yes,No,Yes,No,Yes,No,No,Yes,Yes,No,No,No,Yes,Yes,No,Yes,No,Yes,No,Yes,Yes,Yes,No,No,Yes,No,Yes,No,Yes,No,,,,,,,,,,,Yes,No,Yes,No,Yes,No,Yes,No,Yes,No,Yes,No,No,Yes,No,No,Yes,Yes,Yes,Yes,Yes,No,No,Yes,No,No,Yes,Yes,No,Yes,Yes,No,No,Yes,Yes,No,Yes,No,No,Yes,Got it!,141,93863